id,firstName,lastName,age
1,John,Doe,25
2,Jane,Smith,30
3,Michael,Johnson,42
4,Emily,Pani,28
5,Robert,Brown,32
6,Sophia,Jones,55
7,William,Davis,55
8,Olivia,Miller,45
9,James,Anderson,37
10,Emma,Wilson,26
11,Alexander,Taylor,50
12,Isabella,Thomas,24
13,Matthew,Harris,33
14,Sophia,Martin,27
15,Joseph,Lewis,45
16,Abigail,Clark,23
17,David,Robinson,39
18,Olivia,Walker,32
19,Andrew,Hall,34
20,Emily,Young,21
21,Joshua,Allen,40
22,Mia,Hill,38
23,Daniel,Baker,29
24,Ava,Garcia,36
25,Christopher,Mitchell,27
26,Charlotte,Wright,44
27,Andrew,Turner,25
28,Amelia,Carter,30
29,Nicholas,Collins,41
30,Ella,Kelly,23
31,William,Bell,35
32,Evelyn,Ward,22
33,Brandon,Cooper,31
34,Grace,Murphy,28
35,Ryan,Morris,39
36,Avery,Rogers,26
37,Chloe,Cook,34
38,Joshua,Foster,37
39,Liam,Peterson,29
40,Aria,Bailey,42
41,Logan,Perry,24
42,Sofia,James,33
43,Ethan,Cox,30
44,Aubrey,Gray,38
45,Michael,Ramirez,27
46,Harper,Myers,43
47,Daniel,Hughes,31
48,Addison,Price,25
49,Matthew,Simmons,36
50,Scarlett,Reed,20
51,Ethan,Hall,28
52,Emily,Turner,25
53,James,Ross,34
54,Ava,Watson,29
55,Logan,Nelson,32
56,Isabella,White,26
57,Liam,Campbell,31
58,Sofia,Adams,23
59,Michael,Young,37
60,Grace,Allen,24
61,Lucas,Richardson,33
62,Harper,Taylor,22
63,Benjamin,Cook,35
64,Abigail,Ward,30
65,William,Hill,29
66,Elizabeth,Bailey,27
67,Owen,Rogers,36
68,Charlotte,Hughes,28
69,Jack,Collins,38
70,Amelia,Kelly,25
71,Oliver,Murphy,40
72,Mia,Foster,21
73,Elijah,Price,37
74,Lily,Martin,24
75,Daniel,Garcia,31
76,Scarlett,Wright,26
77,Aiden,Cooper,33
78,Sophia,Ramirez,23
79,Emma,Gray,29
80,Alexander,Peterson,35
81,Grace,Perry,22
82,Lucas,Bell,27
83,Chloe,Turner,30
84,Jackson,Morris,34
85,Ella,Campbell,87
86,Liam,Watson,45
87,Sophia,Smith,55
88,Noah,Anderson,25
89,Ava,Ross,78
90,Ethan,Wilson,79
91,Olivia,Adams,65
92,Mason,Young,77
93,Isabella,Hill,32
94,William,Ward,45
95,Emma,Rogers,74
96,Liam,Collins,32
97,Oliver,Taylor,12
98,Sophia,Cook,45
99,Elijah,Martin,33
100,Charlotte,Miller,63
101,Rajesh,Pani,25
102,Tao,He,30
103,Vincent,Koren,30
106,Haley,porter,30
108,sami,sam,54
